Question,Label
chief cardiologist doctor,find_doctor
show me chief cardiologists,find_doctor
availability of Dr. Tiny Nair,doctor_availability
when is Dr. Tiny Nair available?,doctor_availability
contact of Dr. Tiny Nair,doctor_contact
email of Dr. Tiny Nair,doctor_contact
consultant cardiologist doctor,find_doctor
show me consultant cardiologists,find_doctor
availability of Dr. Prakash N Nair,doctor_availability
when is Dr. Prakash N Nair available?,doctor_availability
contact of Dr. Prakash N Nair,doctor_contact
email of Dr. Prakash N Nair,doctor_contact
senior consultant - interventional cardiologist doctor,find_doctor
show me senior consultant - interventional cardiologists,find_doctor
availability of Dr. Krishna Kumar K,doctor_availability
when is Dr. Krishna Kumar K available?,doctor_availability
contact of Dr. Krishna Kumar K,doctor_contact
email of Dr. Krishna Kumar K,doctor_contact
chief interventional cardiologist doctor,find_doctor
show me chief interventional cardiologists,find_doctor
availability of Dr. Santhosh K R,doctor_availability
when is Dr. Santhosh K R available?,doctor_availability
contact of Dr. Santhosh K R,doctor_contact
email of Dr. Santhosh K R,doctor_contact
head of the department doctor,find_doctor
show me head of the departments,find_doctor
availability of Dr. (Mrs) C.P Rohini Sastha,doctor_availability
when is Dr. (Mrs) C.P Rohini Sastha available?,doctor_availability
contact of Dr. (Mrs) C.P Rohini Sastha,doctor_contact
email of Dr. (Mrs) C.P Rohini Sastha,doctor_contact
junior consultant doctor,find_doctor
show me junior consultants,find_doctor
availability of Dr. Lisha K. M,doctor_availability
when is Dr. Lisha K. M available?,doctor_availability
contact of Dr. Lisha K. M,doctor_contact
email of Dr. Lisha K. M,doctor_contact
consultant doctor,find_doctor
show me consultants,find_doctor
availability of Dr. Sonish K,doctor_availability
when is Dr. Sonish K available?,doctor_availability
contact of Dr. Sonish K,doctor_contact
email of Dr. Sonish K,doctor_contact
consultant doctor,find_doctor
show me consultants,find_doctor
availability of Dr. Ravikumar G,doctor_availability
when is Dr. Ravikumar G available?,doctor_availability
contact of Dr. Ravikumar G,doctor_contact
email of Dr. Ravikumar G,doctor_contact
jr. consultant anaesthetist doctor,find_doctor
show me jr. consultant anaesthetists,find_doctor
availability of Dr. Anjali S,doctor_availability
when is Dr. Anjali S available?,doctor_availability
contact of Dr. Anjali S,doctor_contact
email of Dr. Anjali S,doctor_contact
consultant anaesthetist doctor,find_doctor
show me consultant anaesthetists,find_doctor
availability of Dr. Archana Nair R,doctor_availability
when is Dr. Archana Nair R available?,doctor_availability
contact of Dr. Archana Nair R,doctor_contact
email of Dr. Archana Nair R,doctor_contact
consultant doctor,find_doctor
show me consultants,find_doctor
availability of DR.ASWIN MOHAN,doctor_availability
when is DR.ASWIN MOHAN available?,doctor_availability
contact of DR.ASWIN MOHAN,doctor_contact
email of DR.ASWIN MOHAN,doctor_contact
consultant anesthetist doctor,find_doctor
show me consultant anesthetists,find_doctor
availability of DR.Sajin Joseph Mathew Varghese,doctor_availability
when is DR.Sajin Joseph Mathew Varghese available?,doctor_availability
contact of DR.Sajin Joseph Mathew Varghese,doctor_contact
email of DR.Sajin Joseph Mathew Varghese,doctor_contact
senior consultant doctor,find_doctor
show me senior consultants,find_doctor
availability of Dr. Azeem Fazil Mohammed,doctor_availability
when is Dr. Azeem Fazil Mohammed available?,doctor_availability
contact of Dr. Azeem Fazil Mohammed,doctor_contact
email of Dr. Azeem Fazil Mohammed,doctor_contact
consultant cardiothoracic surgeon doctor,find_doctor
show me consultant cardiothoracic surgeons,find_doctor
availability of Dr. X Reenus Demel,doctor_availability
when is Dr. X Reenus Demel available?,doctor_availability
contact of Dr. X Reenus Demel,doctor_contact
email of Dr. X Reenus Demel,doctor_contact
hod of critical care medicine doctor,find_doctor
show me hod of critical care medicines,find_doctor
availability of Dr. Naveen Jasmine,doctor_availability
when is Dr. Naveen Jasmine available?,doctor_availability
contact of Dr. Naveen Jasmine,doctor_contact
email of Dr. Naveen Jasmine,doctor_contact
senior consultant doctor,find_doctor
show me senior consultants,find_doctor
availability of Dr. Shaigi Shamsudeen,doctor_availability
when is Dr. Shaigi Shamsudeen available?,doctor_availability
contact of Dr. Shaigi Shamsudeen,doctor_contact
email of Dr. Shaigi Shamsudeen,doctor_contact
consultant doctor,find_doctor
show me consultants,find_doctor
availability of Dr. Sudheer Jeshurun D,doctor_availability
when is Dr. Sudheer Jeshurun D available?,doctor_availability
contact of Dr. Sudheer Jeshurun D,doctor_contact
email of Dr. Sudheer Jeshurun D,doctor_contact
consultant doctor,find_doctor
show me consultants,find_doctor
availability of Dr. Akhilesh V U,doctor_availability
when is Dr. Akhilesh V U available?,doctor_availability
contact of Dr. Akhilesh V U,doctor_contact
email of Dr. Akhilesh V U,doctor_contact
consultant dermatologist doctor,find_doctor
show me consultant dermatologists,find_doctor
availability of Dr. K Rajagopal Nair,doctor_availability
when is Dr. K Rajagopal Nair available?,doctor_availability
contact of Dr. K Rajagopal Nair,doctor_contact
email of Dr. K Rajagopal Nair,doctor_contact
jr. consultant dermatologist doctor,find_doctor
show me jr. consultant dermatologists,find_doctor
availability of Dr. Punnya Treesa Johncy,doctor_availability
when is Dr. Punnya Treesa Johncy available?,doctor_availability
contact of Dr. Punnya Treesa Johncy,doctor_contact
email of Dr. Punnya Treesa Johncy,doctor_contact
consultant ent surgeon doctor,find_doctor
show me consultant ent surgeons,find_doctor
availability of Dr. Sahir N Abdulla,doctor_availability
when is Dr. Sahir N Abdulla available?,doctor_availability
contact of Dr. Sahir N Abdulla,doctor_contact
email of Dr. Sahir N Abdulla,doctor_contact
consultant ent surgeon doctor,find_doctor
show me consultant ent surgeons,find_doctor
availability of DR.BINSA BASHEER,doctor_availability
when is DR.BINSA BASHEER available?,doctor_availability
contact of DR.BINSA BASHEER,doctor_contact
email of DR.BINSA BASHEER,doctor_contact
jr. consultant ent surgeon doctor,find_doctor
show me jr. consultant ent surgeons,find_doctor
availability of Dr. Govind Mohandas,doctor_availability
when is Dr. Govind Mohandas available?,doctor_availability
contact of Dr. Govind Mohandas,doctor_contact
email of Dr. Govind Mohandas,doctor_contact
consultant ent specialist doctor,find_doctor
show me consultant ent specialists,find_doctor
availability of Dr. Adersh S Pillai,doctor_availability
when is Dr. Adersh S Pillai available?,doctor_availability
contact of Dr. Adersh S Pillai,doctor_contact
email of Dr. Adersh S Pillai,doctor_contact
registrar doctor,find_doctor
show me registrars,find_doctor
availability of Dr. Praseeda Prasad,doctor_availability
when is Dr. Praseeda Prasad available?,doctor_availability
contact of Dr. Praseeda Prasad,doctor_contact
email of Dr. Praseeda Prasad,doctor_contact
sr. consultant ent surgeon doctor,find_doctor
show me sr. consultant ent surgeons,find_doctor
availability of Dr. K. Salil Kumar,doctor_availability
when is Dr. K. Salil Kumar available?,doctor_availability
contact of Dr. K. Salil Kumar,doctor_contact
email of Dr. K. Salil Kumar,doctor_contact
head & neck surgeon consultant ent doctor,find_doctor
show me head & neck surgeon consultant ents,find_doctor
availability of Dr. C John Panicker,doctor_availability
when is Dr. C John Panicker available?,doctor_availability
contact of Dr. C John Panicker,doctor_contact
email of Dr. C John Panicker,doctor_contact
consultant endocrinologist doctor,find_doctor
show me consultant endocrinologists,find_doctor
availability of Dr. Tittu Oommen,doctor_availability
when is Dr. Tittu Oommen available?,doctor_availability
contact of Dr. Tittu Oommen,doctor_contact
email of Dr. Tittu Oommen,doctor_contact
consultant endocrinologist doctor,find_doctor
show me consultant endocrinologists,find_doctor
availability of Dr. Aromal Chekavar S,doctor_availability
when is Dr. Aromal Chekavar S available?,doctor_availability
contact of Dr. Aromal Chekavar S,doctor_contact
email of Dr. Aromal Chekavar S,doctor_contact
consultant reproductive medicine doctor,find_doctor
show me consultant reproductive medicines,find_doctor
availability of Dr. Ravishankar P,doctor_availability
when is Dr. Ravishankar P available?,doctor_availability
contact of Dr. Ravishankar P,doctor_contact
email of Dr. Ravishankar P,doctor_contact
senior consultant - general surgery doctor,find_doctor
show me senior consultant - general surgerys,find_doctor
availability of Dr. Krishnan Nair C S,doctor_availability
when is Dr. Krishnan Nair C S available?,doctor_availability
contact of Dr. Krishnan Nair C S,doctor_contact
email of Dr. Krishnan Nair C S,doctor_contact
senior consultant surgeon doctor,find_doctor
show me senior consultant surgeons,find_doctor
availability of Dr. John Sajit Edwin,doctor_availability
when is Dr. John Sajit Edwin available?,doctor_availability
contact of Dr. John Sajit Edwin,doctor_contact
email of Dr. John Sajit Edwin,doctor_contact
consultant general surgeon doctor,find_doctor
show me consultant general surgeons,find_doctor
availability of Dr. Vinu Sankar V S,doctor_availability
when is Dr. Vinu Sankar V S available?,doctor_availability
contact of Dr. Vinu Sankar V S,doctor_contact
email of Dr. Vinu Sankar V S,doctor_contact
consultant - oral maxillo facial surgery doctor,find_doctor
show me consultant - oral maxillo facial surgerys,find_doctor
availability of Dr. M A Kishor,doctor_availability
when is Dr. M A Kishor available?,doctor_availability
contact of Dr. M A Kishor,doctor_contact
email of Dr. M A Kishor,doctor_contact
visiting consultant doctor,find_doctor
show me visiting consultants,find_doctor
availability of Dr. Segin Chandran,doctor_availability
when is Dr. Segin Chandran available?,doctor_availability
contact of Dr. Segin Chandran,doctor_contact
email of Dr. Segin Chandran,doctor_contact
consultant general surgeon doctor,find_doctor
show me consultant general surgeons,find_doctor
availability of DR.VISHNU R KRISHNAN,doctor_availability
when is DR.VISHNU R KRISHNAN available?,doctor_availability
contact of DR.VISHNU R KRISHNAN,doctor_contact
email of DR.VISHNU R KRISHNAN,doctor_contact
consultant rheumatologist doctor,find_doctor
show me consultant rheumatologists,find_doctor
availability of Dr. ANJANA G VARIER,doctor_availability
when is Dr. ANJANA G VARIER available?,doctor_availability
contact of Dr. ANJANA G VARIER,doctor_contact
email of Dr. ANJANA G VARIER,doctor_contact
registrar doctor,find_doctor
show me registrars,find_doctor
availability of Dr. Sreelakshmi Sreenath,doctor_availability
when is Dr. Sreelakshmi Sreenath available?,doctor_availability
contact of Dr. Sreelakshmi Sreenath,doctor_contact
email of Dr. Sreelakshmi Sreenath,doctor_contact
senior consultant laryngology doctor,find_doctor
show me senior consultant laryngologys,find_doctor
availability of Dr. Jayakumar R Menon,doctor_availability
when is Dr. Jayakumar R Menon available?,doctor_availability
contact of Dr. Jayakumar R Menon,doctor_contact
email of Dr. Jayakumar R Menon,doctor_contact
consultant laryngology doctor,find_doctor
show me consultant laryngologys,find_doctor
availability of Dr. Manju E Issac,doctor_availability
when is Dr. Manju E Issac available?,doctor_availability
contact of Dr. Manju E Issac,doctor_contact
email of Dr. Manju E Issac,doctor_contact
consultant ent specialist & laryngologist doctor,find_doctor
show me consultant ent specialist & laryngologists,find_doctor
availability of Dr. Adersh S Pillai,doctor_availability
when is Dr. Adersh S Pillai available?,doctor_availability
contact of Dr. Adersh S Pillai,doctor_contact
email of Dr. Adersh S Pillai,doctor_contact
consultant laryngology doctor,find_doctor
show me consultant laryngologys,find_doctor
availability of Dr. Sabarinath H S,doctor_availability
when is Dr. Sabarinath H S available?,doctor_availability
contact of Dr. Sabarinath H S,doctor_contact
email of Dr. Sabarinath H S,doctor_contact
consultant gastroenterologist doctor,find_doctor
show me consultant gastroenterologists,find_doctor
availability of Dr. Rakesh S,doctor_availability
when is Dr. Rakesh S available?,doctor_availability
contact of Dr. Rakesh S,doctor_contact
email of Dr. Rakesh S,doctor_contact
consultant  gastroenterologist doctor,find_doctor
show me consultant  gastroenterologists,find_doctor
availability of PONNI KRISHNAN.G,doctor_availability
when is PONNI KRISHNAN.G available?,doctor_availability
contact of PONNI KRISHNAN.G,doctor_contact
email of PONNI KRISHNAN.G,doctor_contact
consultant pediatric gastroenterologist doctor,find_doctor
show me consultant pediatric gastroenterologists,find_doctor
availability of Dr.ANUPA ACHAMMA THOMAS,doctor_availability
when is Dr.ANUPA ACHAMMA THOMAS available?,doctor_availability
contact of Dr.ANUPA ACHAMMA THOMAS,doctor_contact
email of Dr.ANUPA ACHAMMA THOMAS,doctor_contact
consultant nephrologist doctor,find_doctor
show me consultant nephrologists,find_doctor
availability of Dr. Geetha M Nair,doctor_availability
when is Dr. Geetha M Nair available?,doctor_availability
contact of Dr. Geetha M Nair,doctor_contact
email of Dr. Geetha M Nair,doctor_contact
consultant nephrologist doctor,find_doctor
show me consultant nephrologists,find_doctor
availability of Dr. Janak Giridhar,doctor_availability
when is Dr. Janak Giridhar available?,doctor_availability
contact of Dr. Janak Giridhar,doctor_contact
email of Dr. Janak Giridhar,doctor_contact
senior consultant nephrologist doctor,find_doctor
show me senior consultant nephrologists,find_doctor
availability of Dr. Jacob George,doctor_availability
when is Dr. Jacob George available?,doctor_availability
contact of Dr. Jacob George,doctor_contact
email of Dr. Jacob George,doctor_contact
consultant neonatologist doctor,find_doctor
show me consultant neonatologists,find_doctor
availability of Dr. Karthik Raj,doctor_availability
when is Dr. Karthik Raj available?,doctor_availability
contact of Dr. Karthik Raj,doctor_contact
email of Dr. Karthik Raj,doctor_contact
associate neonatologist doctor,find_doctor
show me associate neonatologists,find_doctor
availability of DR.AFIZ ABDUL AZIZ,doctor_availability
when is DR.AFIZ ABDUL AZIZ available?,doctor_availability
contact of DR.AFIZ ABDUL AZIZ,doctor_contact
email of DR.AFIZ ABDUL AZIZ,doctor_contact
chief consultant paediatric neurologist doctor,find_doctor
show me chief consultant paediatric neurologists,find_doctor
availability of Dr. R Anandam,doctor_availability
when is Dr. R Anandam available?,doctor_availability
contact of Dr. R Anandam,doctor_contact
email of Dr. R Anandam,doctor_contact
consultant neurologist doctor,find_doctor
show me consultant neurologists,find_doctor
availability of Dr. Sinchu C Maniangatt,doctor_availability
when is Dr. Sinchu C Maniangatt available?,doctor_availability
contact of Dr. Sinchu C Maniangatt,doctor_contact
email of Dr. Sinchu C Maniangatt,doctor_contact
consultant neurologist doctor,find_doctor
show me consultant neurologists,find_doctor
availability of Dr. Divya S,doctor_availability
when is Dr. Divya S available?,doctor_availability
contact of Dr. Divya S,doctor_contact
email of Dr. Divya S,doctor_contact
consultant doctor,find_doctor
show me consultants,find_doctor
availability of Dr. Gayathri Sreekumar,doctor_availability
when is Dr. Gayathri Sreekumar available?,doctor_availability
contact of Dr. Gayathri Sreekumar,doctor_contact
email of Dr. Gayathri Sreekumar,doctor_contact
consultant neurovascular interventionist doctor,find_doctor
show me consultant neurovascular interventionists,find_doctor
availability of AHAMED SUBIR H,doctor_availability
when is AHAMED SUBIR H available?,doctor_availability
contact of AHAMED SUBIR H,doctor_contact
email of AHAMED SUBIR H,doctor_contact
hod & chief consultant neurosurgeon doctor,find_doctor
show me hod & chief consultant neurosurgeons,find_doctor
availability of Dr. Janardhanan Potty,doctor_availability
when is Dr. Janardhanan Potty available?,doctor_availability
contact of Dr. Janardhanan Potty,doctor_contact
email of Dr. Janardhanan Potty,doctor_contact
consultant neurosurgeon doctor,find_doctor
show me consultant neurosurgeons,find_doctor
availability of Dr. Anand Binu,doctor_availability
when is Dr. Anand Binu available?,doctor_availability
contact of Dr. Anand Binu,doctor_contact
email of Dr. Anand Binu,doctor_contact
consultant neurosurgeon doctor,find_doctor
show me consultant neurosurgeons,find_doctor
availability of Dr. Bagatheesh. S,doctor_availability
when is Dr. Bagatheesh. S available?,doctor_availability
contact of Dr. Bagatheesh. S,doctor_contact
email of Dr. Bagatheesh. S,doctor_contact
consultant gynecologist doctor,find_doctor
show me consultant gynecologists,find_doctor
availability of Dr. Rajeswari Balakrishnan,doctor_availability
when is Dr. Rajeswari Balakrishnan available?,doctor_availability
contact of Dr. Rajeswari Balakrishnan,doctor_contact
email of Dr. Rajeswari Balakrishnan,doctor_contact
sr. consultant gynecologist doctor,find_doctor
show me sr. consultant gynecologists,find_doctor
availability of Dr. Aysha P V,doctor_availability
when is Dr. Aysha P V available?,doctor_availability
contact of Dr. Aysha P V,doctor_contact
email of Dr. Aysha P V,doctor_contact
consultant gynecologist doctor,find_doctor
show me consultant gynecologists,find_doctor
availability of Dr. Binitha Segin,doctor_availability
when is Dr. Binitha Segin available?,doctor_availability
contact of Dr. Binitha Segin,doctor_contact
email of Dr. Binitha Segin,doctor_contact
consultant gynecologist doctor,find_doctor
show me consultant gynecologists,find_doctor
availability of Dr. Sindhu M S,doctor_availability
when is Dr. Sindhu M S available?,doctor_availability
contact of Dr. Sindhu M S,doctor_contact
email of Dr. Sindhu M S,doctor_contact
consultant gynecologist doctor,find_doctor
show me consultant gynecologists,find_doctor
availability of Dr. Bala Sreedevi,doctor_availability
when is Dr. Bala Sreedevi available?,doctor_availability
contact of Dr. Bala Sreedevi,doctor_contact
email of Dr. Bala Sreedevi,doctor_contact
consultant gynaecologist doctor,find_doctor
show me consultant gynaecologists,find_doctor
availability of Dr. Chitra Sureshkumar,doctor_availability
when is Dr. Chitra Sureshkumar available?,doctor_availability
contact of Dr. Chitra Sureshkumar,doctor_contact
email of Dr. Chitra Sureshkumar,doctor_contact
consultant gynecologist doctor,find_doctor
show me consultant gynecologists,find_doctor
availability of Dr. Jyothy Vijayan,doctor_availability
when is Dr. Jyothy Vijayan available?,doctor_availability
contact of Dr. Jyothy Vijayan,doctor_contact
email of Dr. Jyothy Vijayan,doctor_contact
visiting consultant - fertility specialist doctor,find_doctor
show me visiting consultant - fertility specialists,find_doctor
availability of Dr. Ravishankar. P,doctor_availability
when is Dr. Ravishankar. P available?,doctor_availability
contact of Dr. Ravishankar. P,doctor_contact
email of Dr. Ravishankar. P,doctor_contact
consultant ophthalmologist doctor,find_doctor
show me consultant ophthalmologists,find_doctor
availability of Dr. Manasa S,doctor_availability
when is Dr. Manasa S available?,doctor_availability
contact of Dr. Manasa S,doctor_contact
email of Dr. Manasa S,doctor_contact
consultant ophthalmologist doctor,find_doctor
show me consultant ophthalmologists,find_doctor
availability of Dr. Minu Sasikumar,doctor_availability
when is Dr. Minu Sasikumar available?,doctor_availability
contact of Dr. Minu Sasikumar,doctor_contact
email of Dr. Minu Sasikumar,doctor_contact
director - clinical operation and allied services doctor,find_doctor
show me director - clinical operation and allied servicess,find_doctor
availability of Dr. Ramadas Kunnambath,doctor_availability
when is Dr. Ramadas Kunnambath available?,doctor_availability
contact of Dr. Ramadas Kunnambath,doctor_contact
email of Dr. Ramadas Kunnambath,doctor_contact
consultant medical oncologist doctor,find_doctor
show me consultant medical oncologists,find_doctor
availability of Dr. Mintu Mathew Abraham,doctor_availability
when is Dr. Mintu Mathew Abraham available?,doctor_availability
contact of Dr. Mintu Mathew Abraham,doctor_contact
email of Dr. Mintu Mathew Abraham,doctor_contact
consultant gynaecological oncologist doctor,find_doctor
show me consultant gynaecological oncologists,find_doctor
availability of Dr. Aswathy G Nath,doctor_availability
when is Dr. Aswathy G Nath available?,doctor_availability
contact of Dr. Aswathy G Nath,doctor_contact
email of Dr. Aswathy G Nath,doctor_contact
consultant clinical haematologist doctor,find_doctor
show me consultant clinical haematologists,find_doctor
availability of Dr. Chepsy C Philip,doctor_availability
when is Dr. Chepsy C Philip available?,doctor_availability
contact of Dr. Chepsy C Philip,doctor_contact
email of Dr. Chepsy C Philip,doctor_contact
consultant  surgical oncologist doctor,find_doctor
show me consultant  surgical oncologists,find_doctor
availability of G S JEEVAN,doctor_availability
when is G S JEEVAN available?,doctor_availability
contact of G S JEEVAN,doctor_contact
email of G S JEEVAN,doctor_contact
consultant clinical oncologist doctor,find_doctor
show me consultant clinical oncologists,find_doctor
availability of Dr. Parvathy Rajasekharan,doctor_availability
when is Dr. Parvathy Rajasekharan available?,doctor_availability
contact of Dr. Parvathy Rajasekharan,doctor_contact
email of Dr. Parvathy Rajasekharan,doctor_contact
visiting consultant doctor,find_doctor
show me visiting consultants,find_doctor
availability of Dr. Moni A Kuriakose,doctor_availability
when is Dr. Moni A Kuriakose available?,doctor_availability
contact of Dr. Moni A Kuriakose,doctor_contact
email of Dr. Moni A Kuriakose,doctor_contact
consultant surgical oncologist doctor,find_doctor
show me consultant surgical oncologists,find_doctor
availability of Dr. Sandeep Kumar Behera,doctor_availability
when is Dr. Sandeep Kumar Behera available?,doctor_availability
contact of Dr. Sandeep Kumar Behera,doctor_contact
email of Dr. Sandeep Kumar Behera,doctor_contact
visiting consultant doctor,find_doctor
show me visiting consultants,find_doctor
availability of Dr. Kiran K S,doctor_availability
when is Dr. Kiran K S available?,doctor_availability
contact of Dr. Kiran K S,doctor_contact
email of Dr. Kiran K S,doctor_contact
consultant - oral maxillo facial surgery doctor,find_doctor
show me consultant - oral maxillo facial surgerys,find_doctor
availability of Dr. M A Kishor,doctor_availability
when is Dr. M A Kishor available?,doctor_availability
contact of Dr. M A Kishor,doctor_contact
email of Dr. M A Kishor,doctor_contact
visiting consultant doctor,find_doctor
show me visiting consultants,find_doctor
availability of Dr. Segin Chandran,doctor_availability
when is Dr. Segin Chandran available?,doctor_availability
contact of Dr. Segin Chandran,doctor_contact
email of Dr. Segin Chandran,doctor_contact
consultant doctor,find_doctor
show me consultants,find_doctor
availability of Dr. Sankar Jayaram,doctor_availability
when is Dr. Sankar Jayaram available?,doctor_availability
contact of Dr. Sankar Jayaram,doctor_contact
email of Dr. Sankar Jayaram,doctor_contact
consultant orthopaedic surgeon doctor,find_doctor
show me consultant orthopaedic surgeons,find_doctor
availability of Dr. Rajesh K,doctor_availability
when is Dr. Rajesh K available?,doctor_availability
contact of Dr. Rajesh K,doctor_contact
email of Dr. Rajesh K,doctor_contact
consultant orthopaedician & arthroscopic specialist doctor,find_doctor
show me consultant orthopaedician & arthroscopic specialists,find_doctor
availability of Dr. Vishnu R Unnithan,doctor_availability
when is Dr. Vishnu R Unnithan available?,doctor_availability
contact of Dr. Vishnu R Unnithan,doctor_contact
email of Dr. Vishnu R Unnithan,doctor_contact
consultant orthopaedician doctor,find_doctor
show me consultant orthopaedicians,find_doctor
availability of Dr. Praveen S Jose,doctor_availability
when is Dr. Praveen S Jose available?,doctor_availability
contact of Dr. Praveen S Jose,doctor_contact
email of Dr. Praveen S Jose,doctor_contact
consultant - orthopaedic surgeon doctor,find_doctor
show me consultant - orthopaedic surgeons,find_doctor
availability of Dr. Arshad A R,doctor_availability
when is Dr. Arshad A R available?,doctor_availability
contact of Dr. Arshad A R,doctor_contact
email of Dr. Arshad A R,doctor_contact
registrar doctor,find_doctor
show me registrars,find_doctor
availability of DR.RENY GILBERT,doctor_availability
when is DR.RENY GILBERT available?,doctor_availability
contact of DR.RENY GILBERT,doctor_contact
email of DR.RENY GILBERT,doctor_contact
jr.consultant orthopaedician doctor,find_doctor
show me jr.consultant orthopaedicians,find_doctor
availability of T S Balagopal,doctor_availability
when is T S Balagopal available?,doctor_availability
contact of T S Balagopal,doctor_contact
email of T S Balagopal,doctor_contact
jr.consultant orthopaedician doctor,find_doctor
show me jr.consultant orthopaedicians,find_doctor
availability of NIBIN SANIL,doctor_availability
when is NIBIN SANIL available?,doctor_availability
contact of NIBIN SANIL,doctor_contact
email of NIBIN SANIL,doctor_contact
sr consultant paediatrician doctor,find_doctor
show me sr consultant paediatricians,find_doctor
availability of Dr. Amrita Vijay,doctor_availability
when is Dr. Amrita Vijay available?,doctor_availability
contact of Dr. Amrita Vijay,doctor_contact
email of Dr. Amrita Vijay,doctor_contact
consultant paediatrician doctor,find_doctor
show me consultant paediatricians,find_doctor
availability of Dr. A Padmanabhan,doctor_availability
when is Dr. A Padmanabhan available?,doctor_availability
contact of Dr. A Padmanabhan,doctor_contact
email of Dr. A Padmanabhan,doctor_contact
senior consultant paediatrician doctor,find_doctor
show me senior consultant paediatricians,find_doctor
availability of Dr. Pradeep Kidangoor,doctor_availability
when is Dr. Pradeep Kidangoor available?,doctor_availability
contact of Dr. Pradeep Kidangoor,doctor_contact
email of Dr. Pradeep Kidangoor,doctor_contact
consultant in neuropaediatrics & developmental pediatrics doctor,find_doctor
show me consultant in neuropaediatrics & developmental pediatricss,find_doctor
availability of Dr . Gisi Shibu,doctor_availability
when is Dr . Gisi Shibu available?,doctor_availability
contact of Dr . Gisi Shibu,doctor_contact
email of Dr . Gisi Shibu,doctor_contact
consultant paediatrician doctor,find_doctor
show me consultant paediatricians,find_doctor
availability of APARNA A J,doctor_availability
when is APARNA A J available?,doctor_availability
contact of APARNA A J,doctor_contact
email of APARNA A J,doctor_contact
consultant pediatric gastroenterologist doctor,find_doctor
show me consultant pediatric gastroenterologists,find_doctor
availability of DR.ANUPA ACHAMMA THOMAS,doctor_availability
when is DR.ANUPA ACHAMMA THOMAS available?,doctor_availability
contact of DR.ANUPA ACHAMMA THOMAS,doctor_contact
email of DR.ANUPA ACHAMMA THOMAS,doctor_contact
consultant pediatrician doctor,find_doctor
show me consultant pediatricians,find_doctor
availability of DR.TEENU JOSE,doctor_availability
when is DR.TEENU JOSE available?,doctor_availability
contact of DR.TEENU JOSE,doctor_contact
email of DR.TEENU JOSE,doctor_contact
consultant pediatrician doctor,find_doctor
show me consultant pediatricians,find_doctor
availability of Aiswarya Mohan S,doctor_availability
when is Aiswarya Mohan S available?,doctor_availability
contact of Aiswarya Mohan S,doctor_contact
email of Aiswarya Mohan S,doctor_contact
chief consultant  & hod -dept of paediatric surgery  & senior director-surgical departments & ot doctor,find_doctor
show me chief consultant  & hod -dept of paediatric surgery  & senior director-surgical departments & ots,find_doctor
availability of DR. R Senthilnathan,doctor_availability
when is DR. R Senthilnathan available?,doctor_availability
contact of DR. R Senthilnathan,doctor_contact
email of DR. R Senthilnathan,doctor_contact
senior consultant doctor,find_doctor
show me senior consultants,find_doctor
availability of Dr. J Padmakumar,doctor_availability
when is Dr. J Padmakumar available?,doctor_availability
contact of Dr. J Padmakumar,doctor_contact
email of Dr. J Padmakumar,doctor_contact
consultant doctor,find_doctor
show me consultants,find_doctor
availability of Dr. Manoj G,doctor_availability
when is Dr. Manoj G available?,doctor_availability
contact of Dr. Manoj G,doctor_contact
email of Dr. Manoj G,doctor_contact
consultant doctor,find_doctor
show me consultants,find_doctor
availability of LISHA N P,doctor_availability
when is LISHA N P available?,doctor_availability
contact of LISHA N P,doctor_contact
email of LISHA N P,doctor_contact
consultant psychiatrist doctor,find_doctor
show me consultant psychiatrists,find_doctor
availability of Dr. Balachandran H,doctor_availability
when is Dr. Balachandran H available?,doctor_availability
contact of Dr. Balachandran H,doctor_contact
email of Dr. Balachandran H,doctor_contact
consultant psychiatrist doctor,find_doctor
show me consultant psychiatrists,find_doctor
availability of Dr. Arun Mohan S,doctor_availability
when is Dr. Arun Mohan S available?,doctor_availability
contact of Dr. Arun Mohan S,doctor_contact
email of Dr. Arun Mohan S,doctor_contact
consultant psychologist doctor,find_doctor
show me consultant psychologists,find_doctor
availability of Dr. Preetha P Nair,doctor_availability
when is Dr. Preetha P Nair available?,doctor_availability
contact of Dr. Preetha P Nair,doctor_contact
email of Dr. Preetha P Nair,doctor_contact
consultant/ hod - physical medicine & rehabilitation doctor,find_doctor
show me consultant/ hod - physical medicine & rehabilitations,find_doctor
availability of Dr. Arjun S,doctor_availability
when is Dr. Arjun S available?,doctor_availability
contact of Dr. Arjun S,doctor_contact
email of Dr. Arjun S,doctor_contact
consultant orthopaedician & arthroscopic specialist doctor,find_doctor
show me consultant orthopaedician & arthroscopic specialists,find_doctor
availability of Dr. Vishnu R Unnithan,doctor_availability
when is Dr. Vishnu R Unnithan available?,doctor_availability
contact of Dr. Vishnu R Unnithan,doctor_contact
email of Dr. Vishnu R Unnithan,doctor_contact
consultant pulmonologist doctor,find_doctor
show me consultant pulmonologists,find_doctor
availability of Dr. Binu Krishnan,doctor_availability
when is Dr. Binu Krishnan available?,doctor_availability
contact of Dr. Binu Krishnan,doctor_contact
email of Dr. Binu Krishnan,doctor_contact
consultant pulmonologist doctor,find_doctor
show me consultant pulmonologists,find_doctor
availability of Dr. Vivek P,doctor_availability
when is Dr. Vivek P available?,doctor_availability
contact of Dr. Vivek P,doctor_contact
email of Dr. Vivek P,doctor_contact
consultant pulmonologist doctor,find_doctor
show me consultant pulmonologists,find_doctor
availability of Dr. Shanu S,doctor_availability
when is Dr. Shanu S available?,doctor_availability
contact of Dr. Shanu S,doctor_contact
email of Dr. Shanu S,doctor_contact
jr. consultant doctor,find_doctor
show me jr. consultants,find_doctor
availability of Dr. Madhurima A S,doctor_availability
when is Dr. Madhurima A S available?,doctor_availability
contact of Dr. Madhurima A S,doctor_contact
email of Dr. Madhurima A S,doctor_contact
jr.consultant radiologist doctor,find_doctor
show me jr.consultant radiologists,find_doctor
availability of Dr.Arya G Krishnan,doctor_availability
when is Dr.Arya G Krishnan available?,doctor_availability
contact of Dr.Arya G Krishnan,doctor_contact
email of Dr.Arya G Krishnan,doctor_contact
consultant interventional radiologis doctor,find_doctor
show me consultant interventional radiologiss,find_doctor
availability of Dr. Praveen Kesav R,doctor_availability
when is Dr. Praveen Kesav R available?,doctor_availability
contact of Dr. Praveen Kesav R,doctor_contact
email of Dr. Praveen Kesav R,doctor_contact
hod/ consultant doctor,find_doctor
show me hod/ consultants,find_doctor
availability of Dr. V E Krishna Mohan,doctor_availability
when is Dr. V E Krishna Mohan available?,doctor_availability
contact of Dr. V E Krishna Mohan,doctor_contact
email of Dr. V E Krishna Mohan,doctor_contact
consultant pathologist doctor,find_doctor
show me consultant pathologists,find_doctor
availability of Dr. Ilma Kunju Mohamed,doctor_availability
when is Dr. Ilma Kunju Mohamed available?,doctor_availability
contact of Dr. Ilma Kunju Mohamed,doctor_contact
email of Dr. Ilma Kunju Mohamed,doctor_contact
consultant urologist doctor,find_doctor
show me consultant urologists,find_doctor
availability of Dr. Arun Pareeth,doctor_availability
when is Dr. Arun Pareeth available?,doctor_availability
contact of Dr. Arun Pareeth,doctor_contact
email of Dr. Arun Pareeth,doctor_contact
consultant urologist doctor,find_doctor
show me consultant urologists,find_doctor
availability of Dr. T Saravanan,doctor_availability
when is Dr. T Saravanan available?,doctor_availability
contact of Dr. T Saravanan,doctor_contact
email of Dr. T Saravanan,doctor_contact
consultant urologist doctor,find_doctor
show me consultant urologists,find_doctor
availability of Dr. Ashish S Nair,doctor_availability
when is Dr. Ashish S Nair available?,doctor_availability
contact of Dr. Ashish S Nair,doctor_contact
email of Dr. Ashish S Nair,doctor_contact
consultant urologist doctor,find_doctor
show me consultant urologists,find_doctor
availability of G SATHISH KUMAR,doctor_availability
when is G SATHISH KUMAR available?,doctor_availability
contact of G SATHISH KUMAR,doctor_contact
email of G SATHISH KUMAR,doctor_contact
consultant paediatric intensive care doctor,find_doctor
show me consultant paediatric intensive cares,find_doctor
availability of Dr.Poornima Venugopal,doctor_availability
when is Dr.Poornima Venugopal available?,doctor_availability
contact of Dr.Poornima Venugopal,doctor_contact
email of Dr.Poornima Venugopal,doctor_contact
consultant paediatric intensive care doctor,find_doctor
show me consultant paediatric intensive cares,find_doctor
availability of Dr.Veena Surendran,doctor_availability
when is Dr.Veena Surendran available?,doctor_availability
contact of Dr.Veena Surendran,doctor_contact
email of Dr.Veena Surendran,doctor_contact
consultant pathologist doctor,find_doctor
show me consultant pathologists,find_doctor
availability of Dr. Aswathy Jayachandran,doctor_availability
when is Dr. Aswathy Jayachandran available?,doctor_availability
contact of Dr. Aswathy Jayachandran,doctor_contact
email of Dr. Aswathy Jayachandran,doctor_contact
consultant pathologist doctor,find_doctor
show me consultant pathologists,find_doctor
availability of DR.AISHWARYA M S,doctor_availability
when is DR.AISHWARYA M S available?,doctor_availability
contact of DR.AISHWARYA M S,doctor_contact
email of DR.AISHWARYA M S,doctor_contact
consultant pathologist doctor,find_doctor
show me consultant pathologists,find_doctor
availability of Dr.ASHAMOL AKBAR,doctor_availability
when is Dr.ASHAMOL AKBAR available?,doctor_availability
contact of Dr.ASHAMOL AKBAR,doctor_contact
email of Dr.ASHAMOL AKBAR,doctor_contact
consultant pathologist doctor,find_doctor
show me consultant pathologists,find_doctor
availability of Dr Arathi Sureshkumar,doctor_availability
when is Dr Arathi Sureshkumar available?,doctor_availability
contact of Dr Arathi Sureshkumar,doctor_contact
email of Dr Arathi Sureshkumar,doctor_contact
interventional radiology doctor,find_doctor
show me interventional radiologys,find_doctor
availability of Dr.Jithu Subash Babu,doctor_availability
when is Dr.Jithu Subash Babu available?,doctor_availability
contact of Dr.Jithu Subash Babu,doctor_contact
email of Dr.Jithu Subash Babu,doctor_contact
